Date,Daily Max 1-hour NO2 Concentration(ppb),DAILY_AQI_VALUE,DAILY_OBS_COUNT,PERCEN0_COMPLE0E,0EM_HIGH,0EM_AVG,0EM_LOW,DEW_HIGH,DEW_AVG,DEW_LOW,HUM_HIGH,HUM_AVG,HUM_LOW,SLP_HIGH,SLP_AVG,SLP_LOW,VIS_HIGH,VIS_AVG,VIS_LOW,WIN_HIGH,WIN_AVG,PRECIP,MUSIC
01/01/2017,11.6,10,22,92,23,17,12,16,11,4,97,74,43,1013,1011,1009,16,12,1,11,3,0,0
01/02/2017,6.8,6,24,100,23,18,11,17,12,7,100,79,38,1014,1011,1007,16,12,2,24,8,10.16,0
01/03/2017,2.5,2,24,100,24,16,7,7,4,-1,80,52,24,1022,1017,1014,16,16,16,19,6,0,0
01/04/2017,15.5,14,24,100,9,6,3,-1,-2,-4,68,58,48,1024,1020,1015,16,16,16,16,10,0,0
01/05/2017,14.2,13,24,100,17,9,1,8,2,-8,79,64,50,1020,1014,1011,16,16,11,24,6,0,0
01/06/2017,3.6,3,23,96,1,-2,-5,-8,-9,-11,60,55,49,1036,1026,1020,16,16,16,27,17,0,0
01/07/2017,32.5,30,24,100,7,0,-7,-11,-12,-14,73,48,22,1044,1041,1036,16,16,16,19,7,0,0
01/08/2017,28.3,26,23,96,12,3,-6,0,-8,-12,81,50,19,1042,1037,1032,16,16,16,23,6,0,0
01/09/2017,16.5,15,19,79,22,14,6,13,8,2,89,69,49,1031,1026,1020,16,16,16,24,9,0,0
01/10/2017,26.9,25,19,79,26,21,15,14,13,12,90,66,42,1019,1016,1014,16,16,16,27,10,0,0
01/11/2017,7.2,7,24,100,27,21,15,17,16,14,93,72,51,1017,1014,1011,16,16,14,26,13,0,0
01/12/2017,5.5,5,24,100,27,23,19,18,17,15,87,70,52,1021,1017,1014,16,16,11,23,12,0,0
01/13/2017,14.3,13,24,100,26,19,13,21,17,11,100,74,48,1028,1024,1021,16,13,1,23,11,16.51,0
01/14/2017,9.8,8,24,100,13,11,8,11,10,8,100,92,83,1030,1027,1025,14,5,2,13,6,1.78,0
01/15/2017,9,8,20,83,23,17,11,19,15,10,100,87,73,1024,1016,1010,16,7,1,27,8,15.49,0
01/16/2017,11.2,10,24,100,21,18,14,16,13,11,97,78,58,1017,1015,1013,16,14,2,14,2,7.62,0
01/17/2017,9.5,8,24,100,15,12,9,13,9,8,100,86,72,1022,1020,1017,16,11,1,23,9,39.88,0
01/18/2017,8.7,8,19,79,13,11,8,11,9,8,100,93,86,1020,1019,1015,16,12,3,14,6,12.95,0
01/19/2017,13.4,12,20,83,22,17,11,13,11,10,100,79,57,1015,1010,1006,16,16,16,19,5,T,0
01/20/2017,32.9,30,24,100,24,17,8,13,10,8,93,66,38,1010,1007,1004,16,14,8,13,2,0,0
01/21/2017,17,16,24,100,27,18,9,14,11,1,100,62,23,1003,1002,996,16,11,0,34,9,0.51,0
01/22/2017,1.9,1,22,92,21,17,12,6,1,-3,47,38,28,1015,1007,1001,16,16,16,39,18,0,0
01/23/2017,24.7,23,24,100,24,16,8,4,2,1,65,44,23,1018,1014,1010,16,16,16,16,6,0,0
01/24/2017,14.3,13,24,100,29,19,10,18,11,2,87,62,37,1009,1006,1003,16,16,16,23,11,0,0
01/25/2017,5.2,5,24,100,21,15,9,17,2,-3,84,53,22,1022,1013,1007,16,16,16,24,11,0,0
01/26/2017,20.5,19,24,100,15,10,4,-1,-3,-4,64,46,28,1028,1025,1022,16,16,16,16,5,0,0
01/27/2017,20.4,19,24,100,14,9,3,-1,-4,-6,70,48,26,1030,1028,1026,16,16,16,21,8,0,0
01/28/2017,5.6,5,24,100,16,10,4,3,-1,-6,82,52,22,1030,1028,1025,16,16,16,23,10,T,0
01/29/2017,6.7,6,22,92,21,13,4,1,-1,-2,65,44,22,1029,1027,1025,16,16,16,23,10,0,0
01/30/2017,13.9,12,24,100,26,17,8,2,-1,-3,61,38,15,1026,1022,1019,16,16,16,19,8,0,0
01/31/2017,24.6,23,24,100,26,16,7,10,2,-2,67,44,21,1020,1017,1014,16,16,16,21,6,0,0
02/01/2017,21.1,20,24,100,28,19,11,15,11,7,100,68,35,1019,1015,1012,16,13,4,23,6,0,0
02/02/2017,8.6,8,24,100,18,13,8,4,2,0,65,52,39,1026,1023,1018,16,16,16,21,10,0,0
02/03/2017,9.2,8,24,100,12,9,7,3,1,-1,61,57,53,1031,1028,1026,16,16,16,21,10,T,0
02/04/2017,15.4,14,24,100,11,9,8,11,8,2,100,77,54,1028,1024,1020,16,6,1,14,2,0.51,0
02/05/2017,12.1,11,22,92,22,17,11,18,15,11,100,89,78,1020,1018,1015,16,10,1,19,4,T,0
02/06/2017,8.5,8,24,100,26,23,19,19,18,17,93,76,58,1016,1013,1009,16,15,5,19,9,T,0
02/07/2017,19.6,18,24,100,30,22,13,19,12,2,100,59,17,1011,1009,1007,16,13,2,21,4,0,0
02/08/2017,4.1,4,24,100,31,21,11,8,5,1,77,49,21,1022,1012,1007,16,16,16,29,8,0,0
02/09/2017,31.3,29,24,100,20,13,6,3,-1,-2,54,39,24,1029,1025,1022,16,16,16,16,8,0,0
02/10/2017,19.7,18,24,100,26,18,11,17,11,2,87,70,52,1025,1021,1017,16,16,11,11,5,0,0
02/11/2017,7.2,7,24,100,30,24,19,19,18,17,93,71,48,1017,1015,1013,16,13,8,19,10,0,0
02/12/2017,5.1,5,20,83,26,23,19,19,16,9,93,73,52,1022,1019,1015,16,15,8,23,8,0,0
02/13/2017,8.2,8,24,100,26,22,17,18,13,6,84,63,42,1022,1017,1011,16,16,16,29,14,T,0
02/14/2017,3.7,3,24,100,19,14,8,17,8,3,93,80,66,1020,1014,1011,16,13,3,32,14,21.84,0
02/15/2017,5.7,5,24,100,18,12,6,3,1,-3,82,53,24,1023,1021,1020,16,16,16,26,11,0,0
02/16/2017,15.9,14,24,100,21,13,4,4,2,1,79,54,28,1023,1019,1016,16,16,16,19,5,0,0
02/17/2017,26,25,24,100,25,18,10,16,10,5,93,67,41,1015,1011,1007,16,16,16,21,9,0,0
02/18/2017,17,16,24,100,30,23,17,18,13,7,90,58,26,1010,1008,1006,16,16,16,19,10,0,0
02/19/2017,2.6,2,22,92,27,22,16,20,19,15,90,76,62,1014,1010,1008,16,12,2,32,13,2.29,0
02/21/2017,5.4,5,24,100,28,19,11,13,6,3,100,61,21,1017,1015,1013,16,16,14,24,10,0,0
02/22/2017,23.7,22,24,100,31,21,11,9,7,4,71,48,24,1014,1011,1007,16,16,16,16,4,0,0
02/23/2017,23.9,22,24,100,32,23,13,16,9,6,73,50,26,1007,1004,1000,16,16,16,24,9,0,0
02/24/2017,4.8,4,24,100,27,19,12,10,2,-2,43,31,18,1016,1009,1003,16,16,16,27,9,0,0
02/25/2017,13.1,12,24,100,17,12,7,1,-2,-6,58,42,25,1024,1020,1017,16,16,16,21,9,0,0
02/26/2017,13.8,12,22,92,22,14,6,18,10,1,93,77,60,1017,1014,1011,16,16,14,19,5,T,0
02/27/2017,10.5,9,24,100,28,23,19,19,18,18,93,76,58,1015,1013,1011,16,13,6,21,9,T,0
02/28/2017,9.8,8,24,100,27,24,21,20,19,19,90,79,67,1014,1012,1009,16,11,4,23,11,0,0
03/01/2017,7.7,7,24,100,23,18,12,19,7,-5,93,59,24,1026,1019,1011,16,15,11,34,12,0,0
03/02/2017,15.9,14,24,100,19,14,9,-2,-6,-7,42,30,18,1032,1029,1026,16,16,16,21,9,0,0
03/03/2017,25.2,24,24,100,22,13,4,3,-2,-4,70,45,19,1035,1032,1030,16,16,16,23,9,0,0
03/04/2017,13,12,24,100,15,14,12,14,11,4,100,72,44,1029,1027,1024,16,10,4,21,7,16.76,0
03/05/2017,12.5,11,22,92,24,19,14,18,16,14,100,84,68,1024,1020,1015,16,9,2,19,6,6.86,0
03/06/2017,4.8,4,24,100,29,24,20,19,19,18,93,76,58,1017,1014,1009,16,16,16,26,14,T,0
03/07/2017,6,6,24,100,25,21,16,19,11,1,93,61,29,1026,1020,1014,16,15,8,27,9,T,0
03/08/2017,9.1,8,21,88,24,20,16,18,10,1,78,56,34,1027,1024,1021,16,16,16,19,7,T,0
03/09/2017,9.3,8,24,100,27,23,19,19,18,15,93,79,64,1022,1020,1016,16,15,10,23,9,T,0
03/10/2017,17.8,16,24,100,28,23,17,18,17,15,93,70,47,1022,1020,1018,16,16,16,19,4,T,1
03/11/2017,5.5,5,24,100,19,18,16,18,17,15,100,94,87,1021,1019,1016,16,9,1,14,6,18.54,1
03/12/2017,4.9,4,20,83,17,13,8,16,8,6,93,85,77,1026,1023,1019,16,14,6,29,11,0.25,1
03/13/2017,14.1,13,24,100,21,14,9,11,9,8,100,85,44,1024,1021,1018,16,10,2,19,5,0.25,1
03/14/2017,13.9,12,24,100,23,14,4,8,6,5,57,46,35,1027,1024,1020,16,16,16,19,5,0,1
03/15/2017,19.2,18,24,100,24,17,9,12,9,7,86,64,41,1027,1025,1023,16,15,0,23,9,0,1
03/16/2017,9.2,8,20,83,26,21,14,17,15,13,100,78,56,1025,1022,1018,16,12,3,23,10,0.51,1
03/17/2017,4.1,4,24,100,28,23,18,18,17,16,87,69,51,1022,1020,1018,16,16,14,24,12,0,1
03/18/2017,8.8,8,24,100,29,24,18,19,17,16,93,72,51,1027,1024,1022,16,16,11,16,7,0,1
03/19/2017,6.8,6,22,92,29,24,18,18,17,15,93,69,44,1025,1023,1020,16,16,14,19,10,0,1
03/20/2017,6.7,6,24,100,29,24,18,18,16,12,87,63,39,1022,1020,1017,16,16,16,21,11,0,0
03/21/2017,4.2,4,22,92,29,23,17,17,16,15,93,70,47,1021,1018,1015,16,16,13,21,12,0,0
03/22/2017,6,6,24,100,28,24,20,18,17,14,87,67,47,1021,1018,1016,16,16,16,23,11,0,0
03/23/2017,5.5,5,24,100,29,24,18,17,15,6,87,56,24,1020,1016,1013,16,16,16,39,17,0,0
03/24/2017,10.1,9,24,100,28,22,16,22,17,11,90,68,45,1015,1013,1009,16,12,4,27,9,1.27,0
03/25/2017,13.3,12,24,100,29,21,12,11,8,5,71,48,25,1019,1015,1012,16,16,16,19,6,0,0
03/26/2017,6.2,6,22,92,30,24,17,19,16,11,93,67,40,1013,1010,1007,16,12,3,29,13,0,0
03/27/2017,8.7,8,24,100,30,26,21,19,19,18,90,73,55,1013,1010,1008,16,15,6,21,8,0,0
03/28/2017,5.9,5,24,100,30,26,21,20,19,16,90,67,44,1011,1008,1003,16,14,6,35,16,0,0
03/29/2017,10.6,9,24,100,29,22,16,20,13,6,100,62,24,1012,1008,1004,16,12,1,24,7,18.54,0
03/30/2017,9.9,8,24,100,28,20,12,10,8,4,77,50,23,1013,1011,1007,16,16,16,24,6,0,0
03/31/2017,11.9,10,24,100,30,22,13,15,12,9,80,56,32,1010,1008,1006,16,16,16,29,10,0,0
04/01/2017,4.2,4,24,100,24,22,18,18,17,15,93,79,64,1012,1010,1008,16,16,16,26,13,0,0
04/02/2017,4,4,22,92,25,19,14,19,16,11,93,74,54,1011,1007,1004,16,12,1,26,10,18.03,0
04/03/2017,11,10,24,100,32,21,9,12,11,8,93,58,23,1009,1006,1004,16,16,16,16,4,0,0
04/04/2017,17.1,16,24,100,32,24,16,17,13,10,72,52,32,1007,1005,1002,16,16,16,23,7,0,0
04/05/2017,3.8,3,24,100,24,18,11,6,4,2,63,45,27,1022,1017,1008,16,16,16,34,13,0,0
04/06/2017,21.1,20,24,100,26,18,9,8,6,4,77,52,27,1026,1023,1021,16,16,16,14,5,0,0
04/07/2017,15.2,14,24,100,27,19,11,11,9,7,77,55,32,1024,1022,1018,16,16,16,19,7,0,0
04/08/2017,5.3,5,24,100,28,21,13,17,14,11,93,72,51,1019,1015,1012,16,16,16,24,12,0,0
04/09/2017,3,3,20,83,27,23,19,19,18,16,87,73,58,1014,1012,1010,16,16,16,24,12,0,0
04/10/2017,5.4,5,24,100,27,24,22,23,21,18,90,82,74,1017,1015,1012,16,13,1,21,10,2.54,0
04/11/2017,7.4,7,24,100,22,19,17,21,18,15,100,94,87,1023,1020,1016,16,12,2,16,6,8.64,0
04/12/2017,12.6,11,24,100,26,21,16,18,16,15,97,79,60,1023,1021,1019,16,16,11,16,6,0,0
04/13/2017,7.5,7,24,100,28,24,19,19,18,14,100,77,54,1023,1021,1017,16,14,8,23,9,T,0
04/14/2017,6.9,6,24,100,29,24,18,18,17,14,93,69,45,1021,1018,1015,16,15,8,19,9,0,0
04/15/2017,3.1,3,24,100,29,24,19,19,18,17,87,71,54,1019,1017,1014,16,16,14,23,11,0,0
04/16/2017,3.1,3,22,92,29,25,21,20,19,18,90,73,55,1018,1016,1014,16,16,16,23,10,0,0
04/17/2017,8.4,8,24,100,27,22,17,19,18,14,90,80,69,1017,1016,1013,16,15,10,26,8,T,0
04/18/2017,9.5,8,24,100,28,22,16,18,17,14,90,73,55,1017,1016,1014,16,16,16,16,6,0,0
04/20/2017,5.9,5,24,100,31,26,21,20,19,18,90,73,55,1018,1016,1013,16,16,16,19,9,0,0
04/21/2017,5,5,24,100,32,27,22,19,19,18,84,66,48,1015,1011,1006,16,16,14,23,11,0,0
04/22/2017,4.3,4,24,100,23,18,14,19,13,7,86,69,52,1021,1015,1008,16,16,6,23,11,0.25,0
04/23/2017,11.6,10,22,92,25,18,10,7,6,4,71,50,29,1022,1019,1016,16,16,16,23,8,0,0
04/24/2017,14.6,13,24,100,28,18,9,12,9,7,86,61,35,1016,1011,1006,16,16,16,23,7,0,0
04/26/2017,5,5,24,100,33,25,17,21,14,3,84,51,17,1008,1001,996,16,16,13,29,13,0,0
04/27/2017,13.4,12,24,100,30,21,12,18,10,7,84,58,31,1010,1006,1002,16,16,16,24,10,0,0
04/28/2017,4.3,4,24,100,35,28,21,22,20,17,84,64,43,1004,1002,999,16,15,11,27,14,0,0
04/29/2017,2.9,2,24,100,33,26,19,23,19,7,82,64,45,1009,1002,998,16,12,6,29,15,0.25,0
04/30/2017,4.9,4,22,92,26,18,11,12,7,2,63,43,22,1015,1012,1009,16,16,11,29,9,1.27,0
05/01/2017,9.6,8,24,100,33,22,11,13,9,6,77,50,23,1015,1013,1011,16,16,16,23,9,0,0
05/02/2017,6.9,6,24,100,33,25,17,17,13,8,84,57,30,1015,1012,1010,16,16,16,26,12,0,0
05/03/2017,5.8,5,24,100,35,27,18,22,19,8,93,66,39,1015,1009,1005,16,14,8,29,12,T,0
05/04/2017,4.1,4,24,100,26,21,16,8,6,4,60,43,25,1020,1017,1014,16,16,16,29,14,0,0
05/05/2017,16.1,15,24,100,30,22,13,9,6,3,67,44,20,1020,1017,1013,16,16,16,21,7,0,0
05/06/2017,8.1,8,24,100,33,23,12,12,9,8,77,52,27,1016,1014,1012,16,16,16,19,6,0,0
05/07/2017,4.1,4,20,83,31,24,16,15,14,13,78,56,34,1016,1014,1012,16,16,16,24,10,0,0
05/08/2017,9.3,8,24,100,29,23,18,17,16,14,87,66,45,1017,1015,1013,16,16,16,26,12,0,0
05/09/2017,9.4,8,24,100,24,22,19,22,20,17,93,86,78,1016,1014,1012,16,14,4,19,10,1.02,0
05/10/2017,7.1,7,22,92,28,25,22,21,20,19,90,76,62,1015,1013,1011,16,15,11,23,11,T,0
05/11/2017,13.1,12,24,100,31,27,22,22,21,19,93,73,53,1014,1012,1009,16,12,2,24,5,5.59,0
05/12/2017,3.4,3,24,100,31,24,17,21,14,10,93,61,29,1014,1012,1010,16,15,6,23,11,0,0
05/13/2017,9.3,8,24,100,32,23,14,14,12,11,80,54,27,1015,1013,1010,16,16,16,16,4,0,0
05/14/2017,10.5,9,22,92,34,26,17,18,16,14,90,63,36,1014,1012,1010,16,16,16,21,8,0,0
05/15/2017,9,8,24,100,33,27,19,19,18,17,93,67,41,1015,1012,1009,16,16,14,24,11,0,0
05/16/2017,5.2,5,24,100,30,26,21,21,19,18,90,74,57,1012,1009,1006,16,16,16,32,15,0,0
05/17/2017,7.7,7,24,100,32,27,21,23,21,14,100,67,34,1010,1008,1005,16,12,2,23,8,3.05,0
05/18/2017,5.3,5,24,100,34,29,23,23,22,18,94,72,49,1010,1007,1004,16,13,8,32,15,T,0
05/19/2017,3.7,3,24,100,35,29,24,22,21,19,87,64,41,1009,1007,1005,16,16,16,29,15,0,0
05/20/2017,9,8,24,100,29,24,19,22,19,18,93,77,61,1015,1012,1008,16,14,2,24,6,30.99,0
05/21/2017,3.5,3,22,92,26,21,17,19,16,14,93,74,54,1020,1017,1015,16,14,2,23,9,17.02,0
05/22/2017,5.4,5,24,100,25,21,16,18,17,14,93,81,69,1019,1015,1012,16,16,11,14,7,0.51,0
05/23/2017,8.2,8,24,100,30,22,14,18,17,11,100,73,45,1014,1012,1008,16,14,2,34,8,1.78,0
05/24/2017,24.5,23,24,100,31,22,13,13,9,6,86,54,21,1014,1010,1006,16,16,16,19,7,0,0
05/25/2017,14.8,13,24,100,34,26,17,21,16,11,76,55,34,1008,1006,1004,16,16,16,27,12,0,0
05/26/2017,3.7,3,24,100,33,29,24,24,22,21,87,70,52,1012,1009,1007,16,16,11,21,10,0,0
05/27/2017,2.8,2,24,100,36,31,24,24,23,22,94,71,48,1013,1011,1008,16,10,4,24,11,0.25,0
05/28/2017,3.7,3,22,92,34,27,19,23,22,17,93,73,52,1015,1011,1008,16,15,3,29,7,11.94,0
05/29/2017,8.1,8,24,100,31,26,20,21,19,18,93,70,46,1020,1016,1013,16,16,16,13,4,0,0
05/30/2017,11.5,10,24,100,31,26,20,20,19,17,90,68,45,1018,1016,1015,16,16,16,13,2,0,0
05/31/2017,13.8,12,24,100,29,25,20,21,20,17,97,74,51,1019,1016,1014,16,16,14,27,3,0.51,0
06/01/2017,10.2,9,24,100,32,26,19,22,20,18,97,75,53,1017,1014,1011,16,16,14,16,6,0,0
06/02/2017,6.5,6,24,100,33,28,23,22,22,19,93,70,47,1015,1013,1009,16,16,16,19,8,T,0
06/03/2017,5.8,5,24,100,33,28,22,23,22,18,94,69,44,1014,1012,1009,16,16,4,19,6,6.1,0
06/04/2017,5.9,5,20,83,33,27,20,22,21,19,100,76,52,1012,1010,1007,16,15,3,19,2,4.32,0
06/05/2017,5.6,5,24,100,32,26,19,21,20,18,100,72,44,1009,1007,1005,16,14,1,40,5,35.31,0
06/06/2017,7.5,7,24,100,33,27,21,21,19,16,97,67,36,1012,1010,1008,16,16,16,23,9,0,0
06/07/2017,6.9,6,24,100,35,28,21,20,17,12,84,55,26,1014,1012,1011,16,16,16,14,5,0,0
06/08/2017,12.7,11,24,100,34,28,23,20,19,18,79,60,41,1015,1012,1010,16,16,16,14,6,0,0
06/09/2017,14.9,13,24,100,32,28,23,22,21,18,87,69,50,1013,1011,1008,16,16,16,21,10,0,0
06/10/2017,13.9,12,24,100,34,28,21,21,18,15,84,62,40,1013,1011,1009,16,16,16,23,10,0,0
06/11/2017,15,14,22,92,34,28,23,21,20,17,87,62,36,1014,1012,1010,16,16,16,21,11,0,0
06/12/2017,10.9,9,24,100,34,29,24,22,20,17,87,62,36,1014,1012,1009,16,16,3,24,11,T,0
06/13/2017,12.2,11,24,100,37,31,24,23,22,20,88,63,38,1014,1011,1009,16,16,16,29,12,0,0
06/14/2017,3.7,3,20,83,36,31,26,23,22,19,85,63,41,1015,1012,1010,16,16,11,23,13,0,0
06/15/2017,3.4,3,24,100,37,31,24,23,22,19,94,65,35,1015,1013,1010,16,16,16,21,11,0,0
06/16/2017,5.2,5,24,100,37,31,25,23,21,19,82,60,38,1013,1010,1006,16,16,16,26,12,0,0
06/17/2017,3.7,3,24,100,38,32,25,24,22,20,85,61,36,1009,1007,1004,16,16,16,24,13,0,0
06/18/2017,2,2,22,92,38,32,26,23,22,19,85,60,35,1010,1007,1005,16,16,16,21,12,0,0
06/19/2017,6.8,6,24,100,33,29,24,23,22,20,94,72,49,1017,1013,1010,16,16,4,21,6,0.25,0
06/20/2017,10.9,9,24,100,37,31,24,22,21,19,82,60,38,1015,1013,1010,16,16,16,16,8,0,0
06/21/2017,9.4,8,24,100,36,30,24,22,18,12,82,54,26,1012,1009,1005,16,16,16,23,9,0,0
06/22/2017,4.9,4,24,100,37,31,24,22,19,18,74,54,33,1008,1005,1002,16,16,16,16,8,0,0
06/23/2017,5,5,24,100,40,33,26,24,22,20,91,63,35,1012,1008,1005,16,16,13,23,11,0,0
06/24/2017,8.2,8,24,100,29,26,22,24,22,19,85,70,55,1020,1016,1012,16,13,1,21,7,3.56,0
06/25/2017,4.3,4,22,92,32,28,24,23,22,19,87,67,47,1022,1020,1017,16,16,11,21,8,0.51,0
06/26/2017,8.8,8,24,100,33,28,22,23,22,19,100,74,47,1021,1019,1014,16,13,1,24,4,27.18,0
06/27/2017,9.9,8,24,100,33,27,22,23,22,19,100,75,50,1017,1016,1012,16,12,4,32,5,0.25,0
06/28/2017,9.6,8,21,88,33,28,22,22,21,19,93,70,47,1014,1013,1009,16,16,16,16,7,0,0
06/29/2017,6.6,6,23,96,37,31,24,24,23,21,94,68,42,1013,1011,1008,16,16,16,21,9,0,0
06/30/2017,2.7,2,24,100,37,32,26,24,23,21,85,64,42,1014,1012,1010,16,16,16,26,13,0,0
07/01/2017,2.7,2,24,100,37,32,26,24,22,19,85,62,38,1020,1016,1013,16,15,10,24,12,T,0
07/02/2017,9,8,20,83,38,32,26,24,22,19,91,63,35,1022,1018,1014,16,16,13,23,9,0,0
07/03/2017,3.4,3,24,100,37,31,24,23,22,19,88,62,35,1019,1016,1012,16,16,16,21,11,0,0
07/04/2017,7,7,24,100,38,32,26,23,22,19,85,60,35,1018,1015,1011,16,16,16,21,11,0,0
07/05/2017,6.1,6,24,100,37,32,26,23,21,16,85,58,31,1020,1016,1013,16,16,16,21,9,0,0
07/06/2017,6,6,24,100,38,32,25,23,22,17,88,60,31,1021,1018,1015,16,16,16,19,6,0,0
07/07/2017,6.8,6,24,100,37,31,24,23,22,18,88,61,33,1020,1017,1015,16,16,16,24,4,0.51,0
07/08/2017,6.3,6,24,100,38,31,24,22,19,17,87,59,31,1019,1016,1014,16,16,16,14,5,0,0
07/09/2017,4,4,22,92,38,32,25,22,19,16,82,56,29,1017,1015,1013,16,16,16,19,7,0,0
07/10/2017,7.3,7,20,83,38,31,24,22,18,14,87,57,26,1015,1014,1012,16,16,16,19,8,0,0
07/11/2017,4.6,4,24,100,38,32,25,23,21,14,88,58,27,1017,1014,1011,16,16,16,23,11,0,0
07/12/2017,5.2,5,18,75,38,32,25,23,21,15,88,59,29,1018,1015,1013,16,16,16,21,9,0,0
07/13/2017,9.8,8,18,75,39,32,25,23,21,17,88,59,29,1021,1018,1015,16,16,16,16,4,0,0
07/14/2017,8.5,8,24,100,38,32,25,23,21,16,88,58,27,1021,1018,1015,16,16,16,24,6,0,0
07/15/2017,7.2,7,24,100,39,31,22,23,21,17,100,65,29,1018,1016,1014,16,14,3,37,4,4.06,0
07/16/2017,8.1,8,22,92,37,29,20,22,21,18,100,67,33,1015,1013,1010,16,15,10,19,5,0,0
07/17/2017,9.5,8,24,100,37,31,25,24,22,19,88,63,38,1014,1012,1010,16,16,16,26,5,T,0
07/18/2017,8,8,23,96,38,31,24,23,21,18,88,61,33,1017,1015,1013,16,16,16,23,8,0,0
07/19/2017,7.7,7,24,100,38,32,25,23,21,17,88,60,31,1022,1018,1015,16,16,16,29,8,0,0
07/20/2017,4.9,4,24,100,39,32,25,24,21,16,85,56,27,1020,1017,1013,16,16,16,23,8,0,0
07/21/2017,5.1,5,24,100,40,33,25,23,20,16,85,56,27,1016,1014,1011,16,16,16,23,8,T,0
07/22/2017,10.1,9,24,100,39,32,25,23,20,16,88,58,27,1014,1012,1009,16,16,16,21,9,0,0
07/23/2017,4.4,4,22,92,39,32,25,23,22,19,85,58,31,1013,1012,1010,16,15,4,21,6,1.02,0
07/24/2017,13.5,12,24,100,39,32,24,24,22,13,91,60,29,1016,1014,1012,16,16,14,21,5,0.25,0
07/25/2017,6.9,6,21,88,39,33,26,24,22,17,91,61,31,1020,1017,1014,16,16,14,24,11,0,0
07/26/2017,6.4,6,24,100,39,33,26,24,21,16,91,58,25,1020,1017,1013,16,16,16,24,9,T,0
07/27/2017,5.5,5,24,100,39,32,24,22,19,16,82,54,25,1017,1015,1012,16,16,16,19,8,0,0
07/28/2017,18.8,17,24,100,41,33,24,22,18,13,87,54,20,1015,1012,1009,16,16,16,23,7,0,0
07/29/2017,10,9,24,100,42,33,25,22,18,13,82,51,19,1013,1011,1009,16,16,16,19,7,0,0
07/30/2017,5.8,5,20,83,41,34,26,21,20,17,69,48,27,1014,1013,1011,16,16,16,21,6,0,0
07/31/2017,8,8,24,100,37,31,25,19,16,12,64,43,22,1017,1015,1013,16,16,16,19,7,0,0
08/01/2017,6.3,6,24,100,38,31,24,21,17,12,79,52,24,1016,1014,1013,16,16,16,19,5,0,0
08/02/2017,5.1,5,23,96,31,28,26,24,22,20,85,74,63,1017,1016,1014,16,16,11,16,6,T,0
08/03/2017,9.5,8,24,100,35,29,24,23,22,20,94,69,44,1019,1016,1014,16,15,6,13,4,0.76,0
08/04/2017,9.7,8,24,100,37,31,24,22,21,18,87,60,33,1017,1015,1012,16,16,16,23,4,T,0
08/05/2017,6.1,6,24,100,39,32,25,23,22,18,88,60,31,1016,1014,1009,16,16,14,23,10,0,0
08/06/2017,3.4,3,22,92,38,32,26,24,22,19,85,60,35,1013,1010,1007,16,16,16,24,12,T,0
08/07/2017,10.2,9,24,100,29,25,21,24,22,21,100,85,69,1016,1013,1011,16,9,1,26,3,61.21,0
08/08/2017,5.6,5,24,100,34,29,23,23,22,20,94,71,47,1017,1015,1012,16,16,16,16,6,0,0
08/09/2017,8.4,8,24,100,36,29,23,22,21,18,93,64,35,1018,1016,1014,16,16,16,14,4,0,0
08/10/2017,11.5,10,24,100,38,31,24,23,22,20,87,63,38,1019,1016,1015,16,16,14,21,6,0,0
08/11/2017,7.2,7,24,100,38,31,24,23,21,19,82,59,35,1018,1016,1013,16,16,16,16,6,0,0
08/12/2017,7.2,7,24,100,38,32,26,24,22,18,91,62,33,1015,1013,1010,16,16,16,21,9,0,0
08/13/2017,4.3,4,22,92,38,32,26,23,21,17,85,58,31,1013,1011,1008,16,16,16,21,9,0,0
08/14/2017,7.4,7,24,100,38,32,25,23,21,17,88,60,31,1013,1010,1007,16,16,16,21,10,0,0
08/15/2017,5.2,5,24,100,37,31,25,23,22,19,85,60,35,1013,1010,1007,16,16,16,24,12,0,0
08/16/2017,5.2,5,24,100,38,33,27,24,22,19,85,60,35,1015,1012,1010,16,16,14,26,12,T,0
08/17/2017,8.1,8,24,100,39,33,27,24,22,18,85,58,31,1017,1014,1012,16,16,16,19,10,0,0
08/18/2017,8.7,8,24,100,38,32,26,23,21,17,85,58,31,1019,1015,1012,16,16,16,16,8,0,0
08/19/2017,5.5,5,24,100,38,32,24,23,19,16,88,58,27,1016,1014,1011,16,16,16,16,7,0,0
08/20/2017,3.9,3,22,92,38,32,24,23,20,17,88,61,33,1016,1014,1012,16,16,16,26,8,0,0
08/21/2017,6.3,6,24,100,37,32,26,24,21,17,85,59,33,1019,1017,1015,16,16,16,21,7,0,0
08/22/2017,10.3,9,24,100,38,31,24,23,20,17,87,59,31,1018,1016,1013,16,16,16,16,6,0,0
08/23/2017,6.1,6,24,100,38,31,24,23,21,17,87,60,33,1015,1013,1011,16,16,16,19,4,1.02,0
08/24/2017,12.6,11,24,100,36,30,24,23,22,19,85,63,41,1014,1011,1008,16,16,8,21,4,0.51,0
08/25/2017,11.4,10,24,100,32,28,24,24,22,20,82,69,55,1013,1011,1009,16,15,3,21,9,5.84,0
08/26/2017,1.9,1,23,96,24,23,22,23,22,21,100,94,87,1012,1008,1006,16,7,1,35,23,129.03,0
08/28/2017,2.7,2,24,100,30,26,21,20,19,17,90,73,55,1012,1010,1009,16,16,16,29,16,1.52,0
08/29/2017,3.8,3,24,100,32,27,21,19,18,17,90,67,44,1012,1011,1009,16,16,16,26,13,0,0
08/30/2017,4,4,24,100,34,28,21,18,17,15,84,59,33,1013,1011,1010,16,16,16,23,8,0,0
08/31/2017,19.4,18,24,100,34,27,20,18,17,16,78,57,36,1016,1013,1012,16,16,14,13,5,0,0
09/01/2017,13.4,12,24,100,34,27,20,18,17,16,79,56,33,1017,1015,1014,16,16,16,13,3,0,0
09/02/2017,16.2,15,24,100,34,28,21,19,18,16,90,63,36,1017,1016,1015,16,16,14,19,4,0,0
09/03/2017,10.6,9,22,92,33,27,21,19,19,17,84,64,43,1019,1017,1016,16,16,16,14,4,0,0
09/04/2017,13.4,12,24,100,33,28,22,21,19,17,90,64,38,1017,1016,1013,16,16,10,19,3,0,0
09/05/2017,11.3,10,24,100,36,29,22,23,21,17,93,65,36,1016,1014,1012,16,16,14,23,4,0,0
09/06/2017,15.9,14,24,100,31,25,19,17,11,8,58,41,24,1020,1018,1016,16,16,16,23,10,0,0
09/07/2017,14.3,13,24,100,29,22,14,12,9,7,75,53,31,1021,1019,1017,16,16,16,21,4,0,0
09/08/2017,18.3,17,24,100,29,22,15,13,13,12,84,61,37,1021,1019,1017,16,16,16,16,5,0,0
09/09/2017,9.4,8,24,100,31,24,17,14,13,11,73,52,30,1022,1019,1017,16,16,16,13,5,0,0
09/10/2017,8.2,8,22,92,30,24,19,15,14,13,73,54,35,1021,1019,1017,16,16,14,19,6,0,0
09/11/2017,9.5,8,24,100,31,23,16,14,13,11,84,58,32,1019,1017,1014,16,16,16,21,5,0,0
09/12/2017,12.6,11,24,100,34,26,17,14,12,9,78,51,23,1014,1012,1008,16,16,16,16,5,0,0
09/13/2017,25.3,24,24,100,34,26,17,19,16,13,84,61,38,1011,1009,1007,16,16,16,14,5,0,0
09/14/2017,6.1,6,24,100,34,29,23,22,20,18,93,66,39,1012,1010,1008,16,15,11,21,10,0,0
09/15/2017,9.7,8,24,100,33,28,23,22,21,18,93,67,41,1014,1012,1010,16,15,10,19,9,0,0
09/16/2017,13,12,24,100,34,29,24,23,21,19,94,69,44,1017,1014,1012,16,16,16,16,8,0,0
09/17/2017,6.2,6,22,92,34,28,22,23,21,18,100,71,41,1019,1015,1013,16,16,13,16,7,0,0
09/18/2017,6.2,6,24,100,35,29,24,23,22,19,94,69,44,1017,1014,1011,16,16,16,19,7,0,0
09/20/2017,6.2,6,24,100,36,31,25,23,23,21,88,67,46,1014,1012,1009,16,16,14,23,10,0,0
09/22/2017,8.5,8,24,100,33,28,24,23,22,20,94,72,50,1015,1013,1011,16,15,8,23,9,T,0
09/23/2017,5.9,5,24,100,32,28,23,23,22,19,93,72,50,1015,1013,1009,16,15,6,21,8,0,0
09/24/2017,4.4,4,20,83,32,28,23,23,22,21,93,73,52,1014,1011,1009,16,15,8,24,10,T,0
09/25/2017,6.7,6,24,100,33,28,23,23,22,19,93,70,47,1013,1010,1008,16,16,11,23,9,T,0
09/26/2017,10.7,9,24,100,28,25,22,23,22,22,100,85,69,1013,1012,1010,16,9,0,14,6,41.15,0
09/27/2017,13.8,12,24,100,29,26,22,23,22,21,100,81,61,1016,1014,1012,16,13,3,14,5,2.29,0
09/28/2017,5.4,5,24,100,29,26,23,22,22,21,93,79,65,1018,1015,1014,16,15,8,14,8,1.52,0
09/29/2017,7.7,7,24,100,24,23,21,21,20,16,93,83,73,1020,1018,1016,16,12,4,14,9,6.1,0
09/30/2017,18.7,17,24,100,31,25,19,16,14,12,81,59,37,1020,1018,1015,16,16,16,16,7,0,0
